,timestamp,question_title,chapter_id,correct_answer,distractor_1,distractor_2,distractor_3,source,author
0,10/04/2024 23:04:19,Which of the following was mentioned as a skill to which psychology students would be exposed?,1,all other options are correct,critical thinking,use of the scientific method,critical evaluation of sources of information,Book,
1,10/04/2024 23:04:19,"Before psychology became a recognized academic discipline, matters of the mind were undertaken by those in ________.",1,philosophy,biology,chemistry,physics,Book,
2,10/04/2024 23:04:19,"In the scientific method, a hypothesis is a(n) ________.",1,proposed explanation,observation,measurement,test,Book,
3,10/04/2024 23:04:19,"Based on your reading, which theorist would have been most likely to agree with this statement: Perceptual phenomena are best understood as a combination of their components.",1,Max Wertheimer,William James,Carl Rogers,Noam Chomsky,Book,
4,10/04/2024 23:04:19,________ is most well-known for proposing his hierarchy of needs.,1,Abraham Maslow,Noam Chomsky,Carl Rogers,Sigmund Freud,Book,
5,10/04/2024 23:04:19,"Rogers believed that providing genuineness, empathy, and ________ in the therapeutic environment for his clients was critical to their being able to deal with their problems.",1,unconditional positive regard,structuralism,functionalism,Gestalt,Book,
6,10/04/2024 23:04:19,The operant conditioning chamber (aka ________ box) is a device used to study the principles of operant conditioning.,1,Skinner,Watson,James,Koffka,Book,
7,10/04/2024 23:06:08,A researcher interested in how changes in the cells of the hippocampus (a structure in the brain related to learning and memory) are related to memory formation would be most likely to identify as a(n) ________ psychologist.,1,biological,health,clinical,social,Book,
8,10/04/2024 23:06:08,An individual’s consistent pattern of thought and behavior is known as a(n) ________.,1,personality,psychosexual stage,object permanence,perception,Book,
9,10/04/2024 23:06:08,"In Milgram’s controversial study on obedience, nearly ________ of the participants were willing to administer what appeared to be lethal electrical shocks to another person because they were told to do so by an authority figure.",1,2/3,1/3,3/4,4/5,Book,
10,10/04/2024 23:06:08,A researcher interested in what factors make an employee best suited for a given job would most likely identify as a(n) ________ psychologist.,1,I-O,personality,clinical,social,Book,
11,10/04/2024 23:06:08,"If someone wanted to become a psychology professor at a 4-year college, they would probably need a ________ degree in psychology.",1,PhD,bachelor of science,bachelor of art,master’s,Book,
12,10/04/2024 23:06:08,The ________ places less emphasis on research and more emphasis on application of therapeutic skills.,1,PsyD,PhD,postdoctoral training program,dissertation,Book,
13,10/04/2024 23:06:08,Which of the following degrees would be the minimum required to teach psychology courses in high school?,1,bachelor’s degree,PhD,PsyD,master’s degree,Book,
14,10/04/2024 23:06:57,Scientific hypotheses are ________ and falsifiable.,2,testable,observable,original,provable,Book,
15,10/04/2024 23:06:57,________ are defined as observable realities.,2,facts,behaviors,opinions,theories,Book,
16,10/04/2024 23:06:57,Scientific knowledge is ________.,2,empirical,intuitive,permanent,subjective,Book,
17,10/04/2024 23:06:57,A major criticism of Freud’s early theories involves the fact that his theories ________.,2,were not testable,were too limited in scope,were too outrageous,were too broad,Book,
18,10/04/2024 23:06:57,Sigmund Freud developed his theory of human personality by conducting in-depth interviews over an extended period of time with a few clients. This type of research approach is known as a(n): ________.,2,case study,archival research,naturalistic observation,survey,Book,
19,10/04/2024 23:06:57,________ involves observing behavior in individuals in their natural environments.,2,naturalistic observation,archival research,case study,survey,Book,
20,10/04/2024 23:06:57,The major limitation of case studies is ________.,2,the inability to generalize the findings from this approach to the larger population,the superficial nature of the information collected in this approach,the lack of control that the researcher has in this approach,the absence of inter-rater reliability,Book,
21,10/04/2024 23:06:57,The benefit of naturalistic observation studies is ________.,2,the honesty of the data that is collected in a realistic setting,how quick and easy these studies are to perform,the researcher’s capacity to make sure that data is collected as efficiently as possible,the ability to determine cause and effect in this particular approach,Book,
22,10/04/2024 23:08:05,Using existing records to try to answer a research question is known as ________.,2,archival research,naturalistic observation,survey research,longitudinal research,Book,
23,10/04/2024 23:08:05,________ involves following a group of research participants for an extended period of time.,2,longitudinal research,archival research,naturalistic observation,cross-sectional research,Book,
24,10/04/2024 23:08:05,A(n) ________ is a list of questions developed by a researcher that can be administered in paper form.,2,survey,archive,case study,naturalistic observation,Book,
25,10/04/2024 23:08:05,Longitudinal research is complicated by high rates of ________.,2,attrition,deception,observation,generalization,Book,
26,10/04/2024 23:08:05,Height and weight are positively correlated. This means that:,2,"As height increases, typically weight increases.",There is no relationship between height and weight.,"Usually, the taller someone is, the thinner they are.","Usually, the shorter someone is, the heavier they are.",Book,
27,10/04/2024 23:08:05,Which of the following correlation coefficients indicates the strongest relationship between two variables?,2,–.90,–.50,0.8,0.25,Book,
28,10/04/2024 23:08:05,Which statement best illustrates a negative correlation between the number of hours spent watching TV the week before an exam and the grade on that exam?,2,Students who watch more television perform more poorly on their exams.,Watching too much television leads to poor exam performance.,Smart students watch less television.,Viewing television interferes with a student’s ability to prepare for the upcoming exam.,Book,
29,10/04/2024 23:08:05,The correlation coefficient indicates the weakest relationship when ________.,2,it is closest to 0,it is closest to -1,it is positive,it is negative,Book,
30,10/04/2024 23:09:21,________ means that everyone in the population has the same likelihood of being asked to participate in the study.,2,random sampling,operationalizing,placebo effect,random assignment,Book,
31,10/04/2024 23:09:21,"The ________ is controlled by the experimenter, while the ________ represents the information collected and statistically analyzed by the experimenter.",2,independent variable; dependent variable,dependent variable; independent variable,placebo effect; experimenter bias,experiment bias; placebo effect,Book,
32,10/04/2024 23:09:21,Researchers must ________ important concepts in their studies so others would have a clear understanding of exactly how those concepts were defined.,2,operationalize,randomly assign,randomly select,generalize,Book,
33,10/04/2024 23:09:21,"Sometimes, researchers will administer a(n) ________ to participants in the control group to control for the effects that participant expectation might have on the experiment.",2,placebo,dependent variable,independent variable,statistical analysis,Book,
34,10/04/2024 23:09:21,________ is to animal research as ________ is to human research.,2,IACUC; IRB,informed consent; deception,IRB; IACUC,deception; debriefing,Book,
35,10/04/2024 23:09:21,Researchers might use ________ when providing participants with the full details of the experiment could skew their responses.,2,deception,informed consent,ethics,debriefing,Book,
36,10/04/2024 23:09:21,A person’s participation in a research project must be ________.,2,voluntary,random,rewarded,public,Book,
37,10/04/2024 23:09:21,"Before participating in an experiment, individuals should read and sign the ________ form.",2,informed consent,debriefing,IRB,ethics,Book,
38,10/04/2024 23:10:59,"A(n) ________ is a sudden, permanent change in a sequence of DNA.",3,mutation,allele,chromosome,epigenetic,Book,
39,10/04/2024 23:10:59,"________ refers to a person’s genetic makeup, while ________ refers to a person’s physical characteristics.",3,Genotype; phenotype,Phenotype; genotype,DNA; gene,Gene; DNA,Book,
40,10/04/2024 23:10:59,________ is the field of study that focuses on genes and their expression.,3,Epigenetics,Social psychology,Evolutionary psychology,Behavioral neuroscience,Book,
41,10/04/2024 23:10:59,Humans have ________ pairs of chromosomes.,3,23,15,46,78,Book,
42,10/04/2024 23:10:59,The ________ receive(s) incoming signals from other neurons.,3,dendrites,soma,terminal buttons,myelin sheath,Book,
43,10/04/2024 23:10:59,A(n) ________ facilitates or mimics the activity of a given neurotransmitter system.,3,agonist,axon,SSRI,antagonist,Book,
44,10/04/2024 23:10:59,Multiple sclerosis involves a breakdown of the ________.,3,myelin sheath,soma,synaptic vesicles,dendrites,Book,
45,10/04/2024 23:10:59,An action potential involves Na+ moving ________ the cell and K+ moving ________ the cell.,3,inside; outside,outside; inside,inside; inside,outside; outside,Book,
46,10/04/2024 23:10:59,Our ability to make our legs move as we walk across the room is controlled by the ________ nervous system.,3,somatic,autonomic,sympathetic,parasympathetic,Book,
47,10/04/2024 23:10:59,"If your ________ is activated, you will feel relatively at ease.",3,parasympathetic nervous system,somatic nervous system,sympathetic nervous system,spinal cord,Book,
48,10/04/2024 23:11:27,The central nervous system is comprised of ________.,3,brain and spinal cord,sympathetic and parasympathetic nervous systems,organs and glands,somatic and autonomic nervous systems,Book,
49,10/04/2024 23:11:27,Sympathetic activation is associated with ________.,3,both pupil dilation and increased heart rate,pupil dilation,storage of glucose in the liver,increased heart rate,Book,
50,10/04/2024 23:11:27,"The ________ is a sensory relay station where all sensory information, except for smell, goes before being sent to other areas of the brain for further processing.",3,thalamus,amygdala,hippocampus,hypothalamus,Book,
51,10/04/2024 23:11:27,"Damage to the ________ disrupts one’s ability to comprehend language, but it leaves one’s ability to produce words intact.",3,Wernicke’s Area,amygdala,Broca’s Area,occipital lobe,Book,
52,10/04/2024 23:11:27,A(n) ________ uses magnetic fields to create pictures of a given tissue.,3,MRI,EEG,PET scan,CT scan,Book,
53,10/04/2024 23:11:27,Which of the following is not a structure of the forebrain?,3,substantia nigra,thalamus,hippocampus,amygdala,Book,
54,10/04/2024 23:11:27,The two major hormones secreted from the pancreas are:,3,glucagon and insulin,estrogen and progesterone,norepinephrine and epinephrine,thyroxine and oxytocin,Book,
55,10/04/2024 23:11:27,The ________ secretes messenger hormones that direct the function of the rest of the endocrine glands.,3,pituitary,ovary,thyroid,pancreas,Book,
56,10/04/2024 23:11:44,The ________ gland secretes epinephrine.,3,adrenal,thyroid,pituitary,master,Book,
57,10/04/2024 23:11:44,The ________ secretes hormones that regulate the body’s fluid levels.,3,thyroid,pituitary,testes,adrenal,Book,
58,10/04/2024 23:16:31,The body’s biological clock is located in the ________.,4,hypothalamus,hippocampus,thalamus,pituitary gland,Book,
59,10/04/2024 23:16:31,________ occurs when there is a chronic deficiency in sleep.,4,sleep debt,jet lag,rotating shift work,circadian rhythm,Book,
60,10/04/2024 23:16:31,________ cycles occur roughly once every 24 hours.,4,circadian,biological,rotating,conscious,Book,
61,10/04/2024 23:16:31,________ is one way in which people can help reset their biological clocks.,4,Light-dark exposure,coffee consumption,alcohol consumption,napping,Book,
62,10/04/2024 23:16:31,Growth hormone is secreted by the ________ while we sleep.,4,pituitary gland,pineal gland,thyroid,pancreas,Book,
63,10/04/2024 23:16:31,The ________ plays a role in controlling slow-wave sleep.,4,both hypothalamus and thalamus,hypothalamus,thalamus,pons,Book,
64,10/04/2024 23:16:31,________ is a hormone secreted by the pineal gland that plays a role in regulating biological rhythms and immune function.,4,melatonin,growth hormone,LH,FSH,Book,
65,10/04/2024 23:17:06,________ appears to be especially important for enhanced performance on recently learned tasks.,4,slow-wave sleep,melatonin,sleep deprivation,growth hormone,Book,
66,10/04/2024 23:17:06,________ is(are) described as slow-wave sleep.,4,stage 3 and stage 4,stage 1,stage 2,REM sleep,Book,
67,10/04/2024 23:17:06,Sleep spindles and K-complexes are most often associated with ________ sleep.,4,stage 2,stage 1,stage 3 and stage 4,REM,Book,
68,10/04/2024 23:17:06,Symptoms of ________ may be improved by REM deprivation.,4,depression,schizophrenia,Parkinson’s disease,generalized anxiety disorder,Book,
69,10/04/2024 23:17:06,The ________ content of a dream refers to the true meaning of the dream.,4,latent,manifest,collective unconscious,important,Book,
70,10/04/2024 23:17:06,________ is loss of muscle tone or control that is often associated with narcolepsy.,4,cataplexy,RBD,CPAP,insomnia,Book,
71,10/04/2024 23:17:06,An individual may suffer from ________ if there is a disruption in the brain signals that are sent to the muscles that regulate breathing.,4,central sleep apnea,obstructive sleep apnea,narcolepsy,SIDS,Book,
72,10/04/2024 23:17:06,The most common treatment for ________ involves the use of amphetamine-like medications.,4,narcolepsy,sleep apnea,RBD,SIDS,Book,
73,10/04/2024 23:18:32,________ is another word for sleepwalking.,4,somnambulism,insomnia,cataplexy,narcolepsy,Book,
74,10/04/2024 23:18:32,________ occurs when a drug user requires more and more of a given drug in order to experience the same effects of the drug.,4,tolerance,withdrawal,psychological dependence,reuptake,Book,
75,10/04/2024 23:18:32,Cocaine blocks the reuptake of ________.,4,dopamine,GABA,glutamate,acetylcholine,Book,
76,10/04/2024 23:18:32,________ refers to drug craving.,4,psychological dependence,antagonism,agonism,physical dependence,Book,
77,10/04/2024 23:18:32,LSD affects ________ neurotransmission.,4,serotonin,dopamine,acetylcholine,norepinephrine,Book,
78,10/04/2024 23:18:32,________ is most effective in individuals that are very open to the power of suggestion.,4,hypnosis,meditation,mindful awareness,cognitive therapy,Book,
79,10/04/2024 23:18:32,________ has its roots in religious practice.,4,meditation,hypnosis,cognitive therapy,behavioral therapy,Book,
80,10/04/2024 23:18:32,Meditation may be helpful in ________.,4,both pain management and stress control,pain management,stress control,treating the flu,Book,
81,10/04/2024 23:19:58,"Research suggests that cognitive processes, such as learning, may be affected by ________.",4,hypnosis,meditation,mindful awareness,progressive relaxation,Book,
82,10/04/2024 23:19:58,______ refers to the minimum amount of stimulus energy required to be detected 50% of the time.,5,absolute threshold,difference threshold,just noticeable difference,transduction,Book,
83,10/04/2024 23:19:58,Decreased sensitivity to an unchanging stimulus is known as ________.,5,sensory adaptation,transduction,difference threshold,inattentional blindness,Book,
84,10/04/2024 23:19:58,________ involves the conversion of sensory stimulus energy into neural impulses.,5,transduction,sensory adaptation,inattentional blindness,difference threshold,Book,
85,10/04/2024 23:19:58,"________ occurs when sensory information is organized, interpreted, and consciously experienced.",5,perception,sensation,transduction,sensory adaptation,Book,
86,10/04/2024 23:19:58,Which of the following correctly matches the pattern in our perception of color as we move from short wavelengths to long wavelengths?,5,red to orange to yellow,yellow to orange to red,yellow to red to orange,orange to yellow to red,Book,
87,10/04/2024 23:21:48,The visible spectrum includes light that ranges from about ________.,5,400–700 nm,200–900 nm,20–20000 Hz,10–20 dB,Book,
88,10/04/2024 23:21:48,The electromagnetic spectrum includes ________.,5,all other options are correct,radio waves,x-rays,infrared light,Book,
89,10/04/2024 23:21:48,The audible range for humans is ________.,5,"20-20,000 Hz",380–740 Hz,10–20 dB,less than 300 dB,Book,
90,10/04/2024 23:21:48,"The quality of a sound that is affected by frequency, amplitude, and timing of the sound wave is known as ________.",5,timbre,pitch,tone,electromagnetic,Book,
91,10/04/2024 23:21:48,The ________ is a small indentation of the retina that contains cones.,5,fovea,optic chiasm,optic nerve,iris,Book,
92,10/04/2024 23:21:48,________ operate best under bright light conditions.,5,cones,rods,retinal ganglion cells,striate cortex,Book,
93,10/04/2024 23:21:48,________ depth cues require the use of both eyes.,5,binocular,monocular,linear perspective,accommodating,Book,
94,10/04/2024 23:21:48,"If you were to stare at a green dot for a relatively long period of time and then shift your gaze to a blank white screen, you would see a ________ negative afterimage.",5,red,blue,yellow,black,Book,
95,10/04/2024 23:22:19,Hair cells located near the base of the basilar membrane respond best to ________ sounds.,5,high-frequency,low-frequency,low-amplitude,high-amplitude,Book,
96,10/04/2024 23:22:19,The three ossicles of the middle ear are known as ________.,5,"both malleus, incus, and stapes & hammer, anvil, and stirrup","hammer, anvil, and stirrup","pinna, cochlea, and utricle","malleus, incus, and stapes",Book,
97,10/04/2024 23:22:19,Hearing aids might be effective for treating ________.,5,sensorineural hearing loss,Ménière's disease,conductive hearing loss,interaural time differences,Book,
98,10/04/2024 23:22:19,Cues that require two ears are referred to as ________ cues.,5,binaural,monocular,monaural,binocular,Book,
99,10/04/2024 23:22:19,Chemical messages often sent between two members of a species to communicate something about reproductive status are called ________.,5,pheromones,hormones,Merkel’s disks,Meissner’s corpuscles,Book,
100,10/04/2024 23:22:19,Which taste is associated with monosodium glutamate?,5,umami,sweet,bitter,sour,Book,
101,10/04/2024 23:22:19,________ serve as sensory receptors for temperature and pain stimuli.,5,free nerve endings,Pacinian corpuscles,Ruffini corpuscles,Meissner’s corpuscles,Book,
102,10/04/2024 23:22:19,Which of the following is involved in maintaining balance and body posture?,5,vestibular system,auditory nerve,nociceptors,olfactory bulb,Book,
103,10/04/2024 23:22:42,"According to the principle of ________, objects that occur close to one another tend to be grouped together.",5,proximity,similarity,good continuation,closure,Book,
104,10/04/2024 23:22:42,Our tendency to perceive things as complete objects rather than as a series of parts is known as the principle of ________.,5,closure,good continuation,proximity,similarity,Book,
105,10/04/2024 23:22:42,"According to the law of ________, we are more likely to perceive smoothly flowing lines rather than choppy or jagged lines.",5,good continuation,closure,proximity,similarity,Book,
106,10/04/2024 23:22:42,The main point of focus in a visual display is known as the ________.,5,figure,closure,perceptual set,ground,Book,
107,10/04/2024 23:23:26,Which of the following is an example of a reflex that occurs at some point in the development of a human being?,6,infant sucking on a nipple,child riding a bike,teen socializing,toddler walking,Book,
108,10/04/2024 23:23:26,Learning is best defined as a relatively permanent change in behavior that ________.,6,occurs as a result of experience,is innate,is found only in humans,occurs by observing others,Book,
109,10/04/2024 23:23:26,Two forms of associative learning are ________ and ________.,6,classical conditioning; operant conditioning,classical conditioning; Pavlovian conditioning,operant conditioning; observational learning,operant conditioning; learning conditioning,Book,
110,10/04/2024 23:23:26,In ________ the stimulus or experience occurs before the behavior and then gets paired with the behavior.,6,classical conditioning,associative learning,observational learning,operant conditioning,Book,
111,10/04/2024 23:23:26,A stimulus that does not initially elicit a response in an organism is a(n) ________.,6,neutral stimulus,unconditioned stimulus,conditioned stimulus,unconditioned response,Book,
112,10/04/2024 23:23:26,"In Watson and Rayner’s experiments, Little Albert was conditioned to fear a white rat, and then he began to be afraid of other furry white objects. This demonstrates ________.",6,stimulus generalization,higher order conditioning,acquisition,stimulus discrimination,Book,
113,10/04/2024 23:23:44,Extinction occurs when ________.,6,the conditioned stimulus is presented repeatedly without being paired with an unconditioned stimulus,the unconditioned stimulus is presented repeatedly without being paired with a conditioned stimulus,the neutral stimulus is presented repeatedly without being paired with an unconditioned stimulus,the neutral stimulus is presented repeatedly without being paired with a conditioned stimulus,Book,
114,10/04/2024 23:23:44,"In Pavlov’s work with dogs, the psychic secretions were ________.",6,conditioned responses,unconditioned responses,unconditioned stimuli,conditioned stimuli,Book,
115,10/04/2024 23:23:44,________ is when you take away a pleasant stimulus to stop a behavior.,6,negative punishment,positive reinforcement,negative reinforcement,positive punishment,Book,
116,10/04/2024 23:24:08,Which of the following is not an example of a primary reinforcer?,6,money,food,water,sex,Book,
117,10/04/2024 23:24:08,Rewarding successive approximations toward a target behavior is ________.,6,shaping,extinction,positive reinforcement,negative reinforcement,Book,
118,10/04/2024 23:24:08,Slot machines reward gamblers with money according to which reinforcement schedule?,6,variable ratio,fixed ratio,fixed interval,variable interval,Book,
119,10/04/2024 23:24:08,The person who performs a behavior that serves as an example is called a ________.,6,model,teacher,instructor,coach,Book,
120,10/04/2024 23:24:08,"In Bandura’s Bobo doll study, when the children who watched the aggressive model were placed in a room with the doll and other toys, they ________.",6,kicked and threw the doll,ignored the doll,played nicely with the doll,played with tinker toys,Book,
121,10/04/2024 23:24:08,Which is the correct order of steps in the modeling process?,6,"attention, retention, reproduction, motivation","motivation, attention, reproduction, retention","attention, motivation, retention, reproduction","motivation, attention, retention, reproduction",Book,
122,10/04/2024 23:24:08,Who proposed observational learning?,6,Albert Bandura,Ivan Pavlov,John Watson,B. F. Skinner,Book,
123,10/04/2024 23:24:42,Cognitive psychology is the branch of psychology that focuses on the study of ________.,7,human thinking,human development,human behavior,human society,Book,
124,10/04/2024 23:24:42,Which of the following is an example of a prototype for the concept of leadership on an athletic team?,7,the team captain,the equipment manager,the scorekeeper,the quietest member of the team,Book,
125,10/04/2024 23:24:42,Which of the following is an example of an artificial concept?,7,a triangle’s area,mammals,gemstones,teachers,Book,
126,10/04/2024 23:24:42,An event schema is also known as a cognitive ________.,7,script,stereotype,concept,prototype,Book,
127,10/04/2024 23:24:42,________ provides general principles for organizing words into meaningful sentences.,7,Syntax,Linguistic determinism,Lexicon,Semantics,Book,
128,10/04/2024 23:24:42,________ are the smallest unit of language that carry meaning.,7,Morphemes,Lexicon,Phonemes,Syntax,Book,
129,10/04/2024 23:25:09,The meaning of words and phrases is determined by applying the rules of ________.,7,semantics,lexicon,phonemes,overgeneralization,Book,
130,10/04/2024 23:25:09,________ is (are) the basic sound units of a spoken language.,7,Phonemes,Syntax,Morphemes,Grammar,Book,
131,10/04/2024 23:25:09,A specific formula for solving a problem is called ________.,7,an algorithm,a heuristic,a mental set,trial and error,Book,
132,10/04/2024 23:25:09,A mental shortcut in the form of a general problem-solving framework is called ________.,7,a heuristic,an algorithm,a mental set,trial and error,Book,
133,10/04/2024 23:25:09,Which type of bias involves becoming fixated on a single trait of a problem?,7,anchoring bias,confirmation bias,representative bias,availability bias,Book,
134,10/04/2024 23:25:09,Which type of bias involves relying on a false stereotype to make a decision?,7,representative bias,anchoring bias,confirmation bias,availability bias,Book,
135,10/04/2024 23:25:09,Fluid intelligence is characterized by ________.,7,being able to see complex relationships and solve problems,being able to recall information,being able to create new products,being able to understand and communicate with different cultures,Book,
136,10/04/2024 23:25:09,Which of the following is not one of Gardner’s Multiple Intelligences?,7,creative,spatial,linguistic,musical,Book,
137,10/04/2024 23:26:13,Which theorist put forth the triarchic theory of intelligence?,7,Sternberg,Goleman,Gardner,Steitz,Book,
138,10/04/2024 23:26:13,"When you are examining data to look for trends, which type of intelligence are you using most?",7,analytical,practical,emotional,creative,Book,
139,10/04/2024 23:26:13,In order for a test to be normed and standardized it must be tested on ________.,7,a representative sample,a group of same-age peers,children with mental disabilities,children of average intelligence,Book,
140,10/04/2024 23:26:13,The mean score for a person with an average IQ is ________.,7,100,70,130,85,Book,
141,10/04/2024 23:26:13,Who developed the IQ test most widely used today?,7,David Wechsler,Sir Francis Galton,Alfred Binet,Louis Terman,Book,
142,10/04/2024 23:26:13,The DSM-5 now uses ________ as a diagnostic label for what was once referred to as mental retardation.,7,intellectual disability,autism and developmental disabilities,lowered intelligence,cognitive disruption,Book,
143,10/04/2024 23:26:13,Where does high intelligence come from?,7,both genetics and environment,genetics,environment,neither genetics nor environment,Book,
144,10/04/2024 23:26:13,Arthur Jensen believed that ________.,7,genetics was solely responsible for intelligence,environment was solely responsible for intelligence,intelligence level was determined by race,IQ tests do not take socioeconomic status into account,Book,
145,10/04/2024 23:26:30,What is a learning disability?,7,a neurological disorder,a developmental disorder,an emotional disorder,an intellectual disorder,Book,
146,10/04/2024 23:26:30,Which of the following statements is true?,7,There are many factors working together to influence an individual’s intelligence level.,Poverty always affects whether individuals are able to reach their full intellectual potential.,An individual’s intelligence is determined solely by the intelligence levels of his siblings.,The environment in which an individual is raised is the strongest predictor of her future intelligence.,Book,
147,10/04/2024 23:27:05,"________ is a memory store with a phonological loop, visuospatial sketchpad, episodic buffer, and a central executive.",8,working memory,sensory memory,episodic memory,implicit memory,Book,
148,10/04/2024 23:27:05,The storage capacity of long-term memory is ________.,8,essentially limitless,one or two bits of information,"seven bits, plus or minus two",limited,Book,
149,10/04/2024 23:27:05,The three functions of memory are ________.,8,"encoding, storage, and retrieval","automatic processing, effortful processing, and storage","encoding, processing, and storage","automatic processing, effortful processing, and retrieval",Book,
150,10/04/2024 23:27:05,This physical trace of memory is known as the ________.,8,engram,Lashley effect,Deese-Roediger-McDermott Paradigm,flashbulb memory effect,Book,
151,10/04/2024 23:27:05,An exceptionally clear recollection of an important event is a (an) ________.,8,flashbulb memory,engram,arousal theory,equipotentiality hypothesis,Book,
152,10/04/2024 23:27:34,________ is when our recollections of the past are done in a self-enhancing manner.,8,egocentric bias,stereotypical bias,hindsight bias,enhancement bias,Book,
153,10/04/2024 23:27:34,Tip-of-the-tongue phenomenon is also known as ________.,8,blocking,persistence,misattribution,transience,Book,
154,10/04/2024 23:27:34,"The formulation of new memories is sometimes called ________, and the process of bringing up old memories is called ________.",8,reconstruction; construction,construction; reconstruction,production; reproduction,reproduction; production,Book,
155,10/04/2024 23:27:34,"When you are learning how to play the piano, the statement “Every good boy does fine” can help you remember the notes E, G, B, D, and F for the lines of the treble clef. This is an example of a (an) ________.",8,acrostic,jingle,acronym,acoustic,Book,
156,10/04/2024 23:27:34,"According to a study by Yogo and Fujihara (2008), if you want to improve your short-term memory, you should spend time writing about ________.",8,your best possible future self,a traumatic life experience,a trivial topic,your grocery list,Book,
157,10/04/2024 23:27:34,The self-referencing effect refers to ________.,8,making the material you are trying to memorize personally meaningful to you,making a phrase of all the first letters of the words you are trying to memorize,making a word formed by the first letter of each of the words you are trying to memorize,saying words you want to remember out loud to yourself,Book,
158,10/04/2024 23:27:34,Memory aids that help organize information for encoding are ________.,8,mnemonic devices,memory-enhancing strategies,elaborative rehearsal,effortful processing,Book,
159,10/04/2024 23:28:17,"The view that development is a cumulative process, gradually adding to the same type of skills is known as ________.",9,continuous development,nature,nurture,discontinuous development,Book,
160,10/04/2024 23:28:17,Which of the following is not one of the domains studied by developmental psychologists?,9,psychological,cognitive,physical,psychosocial,Book,
161,10/04/2024 23:28:17,How is lifespan development defined?,9,The study of how we grow and change from conception to death.,The study of how we grow and change in infancy and childhood.,"The study of physical, cognitive, and psychosocial growth in children.","The study of emotions, personality, and social relationships.",Book,
162,10/04/2024 23:28:17,"The idea that even if something is out of sight, it still exists is called ________.",9,object permanence,egocentrism,conservation,reversibility,Book,
163,10/04/2024 23:28:17,Which theorist proposed that moral thinking proceeds through a series of stages?,9,Lawrence Kohlberg,Sigmund Freud,Erik Erikson,John Watson,Book,
164,10/04/2024 23:28:17,"According to Erikson’s theory of psychosocial development, what is the main task of the adolescent?",9,forming an identity,developing autonomy,feeling competent,forming intimate relationships,Book,
165,10/04/2024 23:28:17,Which of the following is the correct order of prenatal development?,9,"d. zygote, embryo, fetus","a. zygote, fetus, embryo","b. fetus, embryo, zygote","c. fetus, zygote, embryo",Book,
166,10/04/2024 23:28:51,The time during fetal growth when specific parts or organs develop is known as ________.,9,critical period,mitosis,conception,pregnancy,Book,
167,10/04/2024 23:28:51,What begins as a single-cell structure that is created when a sperm and egg merge at conception?,9,zygote,embryo,fetus,infant,Book,
168,10/04/2024 23:28:51,Using scissors to cut out paper shapes is an example of ________.,9,fine motor skills,gross motor skills,large motor skills,small motor skills,Book,
169,10/04/2024 23:28:51,The child uses the parent as a base from which to explore her world in which attachment style?,9,secure,insecure avoidant,insecure ambivalent-resistant,disorganized,Book,
170,10/04/2024 23:28:51,The frontal lobes become fully developed ________.,9,by 25 years old,at birth,at the beginning of adolescence,at the end of adolescence,Book,
171,10/04/2024 23:28:51,Who created the very first modern hospice?,9,Cicely Saunders,Elizabeth Kübler-Ross,Florence Wald,Florence Nightingale,Book,
172,10/04/2024 23:28:51,Which of the following is the order of stages in Kübler-Ross’s five-stage model of grief?,9,"denial, bargaining, anger, depression, acceptance","anger, depression, bargaining, acceptance, denial","denial, anger, bargaining, depression, acceptance","anger, acceptance, denial, depression, bargaining",Book,
173,10/04/2024 23:29:31,Need for ________ refers to maintaining positive relationships with others.,10,affiliation,achievement,intimacy,power,Book,
174,10/04/2024 23:29:31,________ proposed the hierarchy of needs.,10,Abraham Maslow,William James,David McClelland,Albert Bandura,Book,
175,10/04/2024 23:29:31,________ is an individual’s belief in her capability to complete some task.,10,self-efficacy,physiological needs,self-esteem,self-actualization,Book,
176,10/04/2024 23:29:31,What type of motivation is Carl exhibiting by mowing the yard for $20?,10,extrinsic,intrinsic,drive,biological,Book,
177,10/04/2024 23:29:31,"According to your reading, nearly ________ of the adult population in the United States can be classified as obese.",10,one third,one half,one fourth,one fifth,Book,
178,10/04/2024 23:29:31,________ is a chemical messenger secreted by fat cells that acts as an appetite suppressant.,10,leptin,orexin,angiotensin,ghrelin,Book,
179,10/04/2024 23:30:26,________ is characterized by episodes of binge eating followed by attempts to compensate for the excessive amount of food that was consumed.,10,bulimia nervosa,Prader-Willi syndrome,morbid obesity,anorexia nervosa,Book,
180,10/04/2024 23:30:26,"In order to be classified as morbidly obese, an adult must have a BMI of ________.",10,40 or more,less than 25,25–29.9,30–39.9,Book,
181,10/04/2024 23:30:26,"Animal research suggests that in male rats the ________ is critical for the ability to engage in sexual behavior, but not for the motivation to do so.",10,medial preoptic area of the hypothalamus,nucleus accumbens,amygdala,hippocampus,Book,
182,10/04/2024 23:30:26,"During the ________ phase of the sexual response cycle, individuals experience rhythmic contractions of the pelvis that are accompanied by uterine contractions and ejaculation.",10,orgasm,excitement,plateau,resolution,Book,
183,10/04/2024 23:30:26,Which of the following findings was not a result of the Kinsey study?,10,Sexual desire and sexual ability can be separate functions.,Masturbation has no adverse consequences.,Females enjoy sex as much as males.,Sexual acts between members of the same gender are fairly common.,Book,
184,10/04/2024 23:30:26,"If someone is uncomfortable identifying with the gender normally associated with their sex assigned at birth, then they could be classified as experiencing ________.",10,gender dysphoria,homosexuality,bisexuality,gender expression,Book,
185,10/04/2024 23:30:26,Individuals suffering from posttraumatic stress disorder have been shown to have reduced volumes of the ________.,10,hippocampus,amygdala,hypothalamus,thalamus,Book,
186,10/04/2024 23:30:57,"According to the ________ theory of emotion, emotional experiences arise from physiological arousal.",10,James-Lange,Cannon-Bard,Schachter-Singer two-factor,Darwinian,Book,
187,10/04/2024 23:30:57,Which of the following is not one of the seven universal emotions described in this chapter?,10,melancholy,contempt,disgust,anger,Book,
188,10/04/2024 23:30:57,Which of the following theories of emotion would suggest that polygraphs should be quite accurate at differentiating one emotion from another?,10,James-Lange theory,Cannon-Bard theory,Schachter-Singer two-factor theory,Darwinian theory,Book,
189,10/04/2024 23:31:19,Personality is thought to be ________.,11,"long term, stable and not easily changed",short term and easily changed,a pattern of short-term characteristics,unstable and short term,Book,
190,10/04/2024 23:31:19,"The long-standing traits and patterns that propel individuals to consistently think, feel, and behave in specific ways are known as ________.",11,personality,psychodynamic,temperament,humors,Book,
191,10/04/2024 23:31:19,________ is credited with the first comprehensive theory of personality.,11,Freud,Hippocrates,Gall,Wundt,Book,
192,10/04/2024 23:31:19,An early science that tried to correlate personality with measurements of parts of a person’s skull is known as ________.,11,phrenology,psychology,physiology,personality psychology,Book,
193,10/04/2024 23:31:34,The id operates on the ________ principle.,11,pleasure,reality,instant gratification,guilt,Book,
194,10/04/2024 23:31:34,The ego defense mechanism in which a person who is confronted with anxiety returns to a more immature behavioral stage is called ________.,11,regression,repression,reaction formation,rationalization,Book,
195,10/04/2024 23:31:34,The Oedipus complex occurs in the ________ stage of psychosexual development.,11,phallic,oral,anal,latency,Book,
196,10/04/2024 23:32:02,"The universal bank of ideas, images, and concepts that have been passed down through the generations from our ancestors refers to ________.",11,collective unconscious,archetypes,intuition,personality types,Book,
197,10/04/2024 23:32:02,Self-regulation is also known as ________.,11,will power,self-efficacy,internal locus of control,external locus of control,Book,
198,10/04/2024 23:32:02,Your level of confidence in your own abilities is known as ________.,11,self-efficacy,self-concept,self-control,self-esteem,Book,
199,10/04/2024 23:32:02,Jane most likely has an _______ locus of control.,11,external,internal,intrinsic,extrinsic,Book,
200,10/04/2024 23:32:02,Self-concept refers to ________.,11,all of our thoughts and feelings about ourselves,our level of confidence in our own abilities,the belief that we control our own outcomes,the belief that our outcomes are outside of our control,Book,
201,10/04/2024 23:32:02,The idea that people’s ideas about themselves should match their actions is called ________.,11,congruence,confluence,conscious,conscientiousness,Book,
202,10/04/2024 23:32:02,"The way a person reacts to the world, starting when they are very young, including the person’s activity level is known as ________.",11,temperament,traits,heritability,personality,Book,
203,10/04/2024 23:33:21,"According to Thomas and Chess, Brianna would be considered ________.",11,a difficult baby,an easy baby,a slow to warm up baby,a colicky baby,Book,
204,10/04/2024 23:33:21,"According to the findings of the Minnesota Study of Twins Reared Apart, identical twins, whether raised together or apart have ________ personalities.",11,very similar,slightly different,very different,slightly similar,Book,
205,10/04/2024 23:33:21,Temperament refers to ________.,11,"inborn, genetically based personality differences",characteristic ways of behaving,"conscientiousness, agreeableness, neuroticism, openness, and extroversion",degree of introversion-extroversion,Book,
206,10/04/2024 23:33:21,"According to the Eysencks’ theory, people who score high on neuroticism tend to be ________.",11,anxious,calm,stable,outgoing,Book,
207,10/04/2024 23:33:21,The United States is considered a ________ culture.,11,individualist,collectivistic,traditional,nontraditional,Book,
208,10/04/2024 23:33:21,The concept that people choose to move to places that are compatible with their personalities and needs is known as ________.,11,selective migration,personal oriented personality,socially oriented personality,individualism,Book,
209,10/04/2024 23:33:21,Which of the following is NOT a projective test?,11,Minnesota Multiphasic Personality Inventory (MMPI),Rorschach Inkblot Test,Thematic Apperception Test (TAT),Rotter Incomplete Sentence Blank (RISB),Book,
210,10/04/2024 23:33:37,"A personality assessment in which a person responds to ambiguous stimuli, revealing unconscious feelings, impulses, and desires ________.",11,projective test,self-report inventory,Minnesota Multiphasic Personality Inventory (MMPI),Myers-Briggs Type Indicator (MBTI),Book,
211,10/04/2024 23:33:37,Which personality assessment employs a series of true/false questions?,11,Minnesota Multiphasic Personality Inventory (MMPI),Thematic Apperception Test (TAT),Rotter Incomplete Sentence Blank (RISB),Myers-Briggs Type Indicator (MBTI),Book,
212,10/04/2024 23:35:11,"As a field, social psychology focuses on ________ in predicting human behavior.",12,situational factors,personality traits,genetic predispositions,biological forces,Book,
213,10/04/2024 23:35:11,Making internal attributions for your successes and making external attributions for your failures is an example of ________.,12,self-serving bias,actor-observer bias,fundamental attribution error,just-world hypothesis,Book,
214,10/04/2024 23:35:11,Collectivistic cultures are to ________ as individualistic cultures are to ________.,12,situational; dispositional,dispositional; situational,autonomy; group harmony,just-world hypothesis; self-serving bias,Book,
215,10/04/2024 23:35:11,"According to the actor-observer bias, we have more information about ________.",12,influences on our own behavior,situational influences on behavior,influences on others’ behavior,dispositional influences on behavior,Book,
216,10/04/2024 23:35:11,A(n) ________ is a set of group expectations for appropriate thoughts and behaviors of its members.,12,social norm,social role,script,attribution,Book,
217,10/04/2024 23:35:11,Jose’s behavior is reflective of ________.,12,normative behavior,a script,social influence,good athletic behavior,Book,
218,10/04/2024 23:35:11,"When it comes to buying clothes, teenagers often follow social norms; this is likely motivated by ________.",12,fitting in,following parents’ rules,saving money,looking good,Book,
219,10/04/2024 23:35:31,"In the Stanford prison experiment, even the lead researcher succumbed to his role as a prison supervisor. This is an example of the power of ________ influencing behavior.",12,social roles,scripts,social norms,conformity,Book,
220,10/04/2024 23:35:31,"Attitudes describe our ________ of people, objects, and ideas.",12,evaluations,treatment,cognitions,knowledge,Book,
221,10/04/2024 23:35:31,Cognitive dissonance causes discomfort because it disrupts our sense of ________.,12,consistency,dependency,unpredictability,power,Book,
222,10/04/2024 23:35:31,"In order for the central route to persuasion to be effective, the audience must be ________ and ________.",12,analytical; motivated,attentive; happy,intelligent; unemotional,gullible; distracted,Book,
223,10/04/2024 23:35:31,Examples of cues used in peripheral route persuasion include all of the following except ________.,12,factual information,celebrity endorsement,positive emotions,attractive models,Book,
224,10/04/2024 23:36:48,"In the Asch experiment, participants conformed due to ________ social influence.",12,normative,informational,inspirational,persuasive,Book,
225,10/04/2024 23:36:48,Under what conditions will informational social influence be more likely?,12,both when the answer is unclear and when the group has expertise,when individuals want to fit in,when the answer is unclear,when the group has expertise,Book,
226,10/04/2024 23:36:48,Social loafing occurs when ________.,12,individual performance cannot be evaluated,the task is easy,both when individual performance cannot be evaluated and the task is easy,none of the above,Book,
227,10/04/2024 23:36:48,"If group members modify their opinions to align with a perceived group consensus, then ________ has occurred.",12,groupthink,group cohesion,social polarization,social loafing,Book,
228,10/04/2024 23:36:48,Prejudice is to ________ as discrimination is to ________.,12,feelings; behavior,thoughts; feelings,feelings; thoughts,behavior; feelings,Book,
229,10/04/2024 23:37:10,Which of the following is not a type of prejudice?,12,individualism,homophobia,racism,sexism,Book,
230,10/04/2024 23:37:10,________ occurs when the out-group is blamed for the in-group’s frustration.,12,scapegoating,stereotyping,in-group bias,ageism,Book,
231,10/04/2024 23:37:10,When we seek out information that supports our stereotypes we are engaged in ________.,12,confirmation bias,scapegoating,self-fulfilling prophecy,in-group bias,Book,
232,10/04/2024 23:37:10,"Typically, bullying from boys is to ________ as bullying from girls is to ________.",12,physical harm; emotional harm,emotional harm; physical harm,psychological harm; physical harm,social exclusion; verbal taunting,Book,
233,10/04/2024 23:37:10,Which of the following adolescents is least likely to be targeted for bullying?,12,the captain of the football team,a child with a physical disability,a transgender adolescent,an emotionally sensitive boy,Book,
234,10/04/2024 23:37:10,The bystander effect likely occurs due to ________.,12,diffusion of responsibility,desensitization to violence,people not noticing the emergency,emotional insensitivity,Book,
235,10/04/2024 23:37:29,Altruism is a form of prosocial behavior that is motivated by ________.,12,selfless helping of others,feeling good about oneself,earning a reward,showing bravery to bystanders,Book,
236,10/04/2024 23:37:29,"After moving to a new apartment building, research suggests that Sam will be most likely to become friends with ________.",12,his next door neighbor,someone who lives three floors up in the apartment building,someone from across the street,his new postal delivery person,Book,
237,10/04/2024 23:37:29,What trait do both men and women tend to look for in a romantic partner?,12,sense of humor,social skills,leadership potential,physical attractiveness,Book,
238,10/04/2024 23:37:29,"According to the triangular theory of love, what type of love is defined by passion and intimacy but no commitment?",12,romantic love,consummate love,empty love,liking,Book,
239,10/04/2024 23:37:29,"According to social exchange theory, humans want to maximize the ________ and minimize the ________ in relationships.",12,benefits; costs,intimacy; commitment,costs; benefits,passion; intimacy,Book,
